marks,attendance,sleep_hours,distraction_level,stress_level,study_sessions,recommended_study_time
78,83,4.868767376537834,4,2,4,6.349369787038649
91,77,7.854270542704949,1,4,5,4.653718837188515
68,80,8.736489441281691,7,9,5,8.719053167615492
54,57,4.831887934661362,9,1,2,8.800433619601591
82,88,7.854921462660678,3,1,4,4.623523561201796
47,75,7.542860023013147,2,7,4,6.947141993096056
60,83,6.367869442175443,3,3,5,6.159639167347367
78,52,4.289602302793991,1,2,4,5.633119309161803
97,99,4.37347208878927,6,9,5,8.85795837336322
58,61,8.262073295993238,7,3,2,7.451378011202029
62,50,8.950741863753235,2,2,5,4.974777440874029
50,93,7.380261285933772,8,8,4,9.45592161421987
50,54,6.229791535051607,6,6,4,8.791062539484518
63,79,7.237868217009538,4,6,5,7.178639534897138
92,79,6.9719792961427265,5,7,5,7.3784062111571815
75,66,5.918061302028109,8,7,5,9.364581609391566
79,97,4.328130722870065,3,6,3,7.15156078313898
63,96,8.107564737037205,3,4,4,5.747730578888839
42,72,5.859167646193622,4,9,4,8.982249706141912
61,64,8.093928216785468,1,6,3,5.911821534964361
92,86,5.262543748441911,9,4,5,8.521236875467427
41,70,4.005147399228167,8,3,2,9.378455780231551
63,63,4.794691416383783,8,4,5,9.071592575084864
83,51,6.342697083842921,6,3,5,7.227190874847125
69,60,8.72151817478915,7,2,3,6.8035445475632566
77,88,4.510968098468595,6,5,4,8.12670957045942
41,87,8.27104887230783,9,2,5,8.028685338307652
99,83,6.63512048105931,3,6,4,6.199463855682206
60,87,8.129603828999482,3,3,1,5.5911188513001555
72,99,5.491872154949963,3,6,4,6.9224383535150125
51,83,8.19973582336236,3,9,2,7.590079252991293
97,67,7.864113900084023,9,1,2,6.930765829974794
61,79,5.15026841515717,4,6,5,7.844919475452849
83,64,4.65667563204689,7,9,4,9.802997310385932
64,76,8.340271612661464,9,4,5,8.257918516201562
88,83,8.81618326720066,7,2,3,6.165145019839802
66,87,4.1565115687375815,9,4,2,9.363046529378725
98,82,7.656350334868428,3,1,5,4.423094899539472
81,73,8.547622554739092,4,3,3,5.585713233578273
67,64,8.286800460462494,8,9,5,9.43395986186125
99,79,8.822602361351043,6,5,4,6.483219291594687
55,91,7.800470392190486,5,6,4,7.449858882342854
54,66,6.2114938119045515,4,3,4,6.896551856428635
86,54,5.559759952475652,8,5,4,8.772072014257304
90,78,5.603713702190637,1,8,1,6.53888588934281
83,53,7.622113363070585,9,6,3,8.923365991078827
94,59,7.729185060154822,1,4,3,4.811244481953555
91,66,5.001795717743564,8,2,4,7.819461284676931
96,59,8.340614067452655,4,9,1,7.287815779764204
42,66,7.574620201011238,9,1,4,8.12761393969663
76,69,6.813751431716913,5,1,1,6.045874570484927
90,73,6.357662300512564,3,4,4,5.962701309846231
46,54,6.716164028949791,9,7,2,10.225150791315063
60,83,4.796228691396323,9,1,2,8.431131392581104
48,55,5.018506246381371,4,9,5,9.284448126085586
78,51,4.455822452030958,4,4,4,7.393253264390712
57,62,4.768290190805564,8,3,3,8.909512942758333
43,92,6.268468173026413,2,1,5,5.439459548092075
64,92,6.651771968641281,9,4,2,8.604468409407616
99,97,4.089309462391597,6,9,4,8.92320716128252
53,60,7.983989139320138,9,6,5,9.344803258203957
89,96,5.470839866717389,8,6,4,8.618748039984787
97,72,8.559180174799556,7,1,2,5.872245947560136
48,65,8.837556318068888,1,2,5,4.7387331045793335
65,80,4.927294373383272,3,6,2,7.421811687985017
92,60,6.310486453828303,2,2,1,5.066854063851509
41,65,4.0061591758321295,5,3,2,8.22815224725036
59,57,6.991636325612134,5,4,4,7.352509102316359
67,53,7.036532241313356,5,5,3,7.519040327605993
86,89,5.237699778016876,4,9,2,8.118690066594935
99,53,6.792063362915989,5,4,3,6.652380991125201
46,74,5.127700712218678,3,9,1,8.701689786334397
83,52,4.804127345390951,1,3,5,5.678761796382716
47,81,7.257597334011324,5,8,5,8.472720799796603
86,52,5.629627319760374,9,1,3,7.971111804071889
74,76,6.951319694428112,9,9,5,9.974604091671566
53,78,6.166233744858278,4,9,2,8.610129876542516
56,81,8.921757037014519,3,2,3,5.193472888895643
75,99,4.747903213337829,1,4,4,5.685629035998652
89,68,6.32299298317905,2,8,2,6.8431021050462855
79,70,7.402283131796626,8,7,2,8.799315060461012
43,54,5.977725419399843,1,1,2,5.506682374180047
41,67,8.87349925935345,8,5,4,8.547950222193966
45,77,7.609438139634675,7,7,1,8.947168558109597
93,91,7.284919287822465,8,4,5,7.44452421365326
81,71,7.785296338056117,6,1,3,6.034411098583165
43,70,8.763243190193585,9,9,1,10.111027042941926
93,55,8.539093264923201,3,5,3,5.72827202052304
68,50,7.62142654063206,4,2,5,6.053572037810381
57,54,7.745808195506415,6,8,4,8.796257541348076
65,90,4.7296103701757275,8,2,2,8.18111688894728
83,61,4.513962022463328,5,3,2,7.2758113932610025
73,75,6.854522509220821,3,1,4,5.233643247233753
49,95,4.0918381847027,6,2,1,7.84244854458919
75,83,6.411781907757957,4,7,1,7.446465427672612
53,98,5.051747899594343,9,2,3,8.644475630121695
70,63,5.730082838224198,3,6,4,7.250975148532739
87,75,7.8790236789647805,4,3,1,5.646292896310566
54,94,8.706187521161933,7,4,4,7.36814374365142
47,76,4.3620813607317075,7,8,5,10.191375591780488
53,58,6.671211029882226,4,3,2,6.858636691035333
62,75,8.412667429098,6,6,2,7.6861997712706
99,96,4.412542672202107,3,1,2,5.236237198339368
96,71,8.122570234484169,6,7,4,7.43322892965475
79,96,5.789006754641357,2,8,4,6.923297973607592
60,79,5.610473511096677,8,8,3,9.926857946671
55,92,8.887331931573929,2,3,2,5.013800420527822
84,97,5.004295449311471,7,1,3,6.94871136520656
57,66,7.465969704113405,9,9,2,10.260209088765977
86,75,8.107203640049331,1,6,3,5.297838907985201
92,85,4.205917476396358,8,9,3,9.948224757081093
63,50,7.351927291772061,7,7,5,8.934421812468383
65,57,8.757749871776635,6,1,3,6.202675038467011
64,98,4.621099833640296,6,1,4,7.053670049907913
99,84,8.481106513425193,6,6,3,6.835668045972444
99,64,6.973883186884681,9,5,2,8.387835043934595
99,96,7.08302290931237,2,9,3,6.435093127206289
84,71,7.06472087432803,1,2,1,4.490583737701591
80,63,5.494179431686569,6,8,2,8.92174617049403
68,75,8.676009076497298,8,5,1,7.987197277050811
54,77,8.736752313155193,3,2,2,5.328974306053441
84,72,7.126523301069739,1,6,4,5.66204300967908
40,63,7.917113629708073,9,8,4,10.194865911087577
64,73,7.06128992940579,1,4,4,5.471613021178262
46,51,6.421992237870203,3,2,1,6.443402328638939
48,94,7.304100591496253,8,5,5,8.608769822551123
63,75,6.765007262959792,3,2,2,5.760497821112062
40,63,6.98737931315965,4,2,4,6.673786206052105
83,56,7.91916276709431,8,6,2,8.404251169871708
47,52,6.404519157244924,1,9,1,7.7186442528265236
63,96,4.203770530462364,6,4,5,8.118868840861293
50,72,4.819997404947486,1,6,1,7.034000778515755
90,95,6.193036082447692,1,7,2,5.892089175265692
56,92,7.624132799370292,8,6,5,8.672760160188913
47,96,6.966393241550893,4,8,5,8.010082027534732
74,94,7.25147092936727,1,4,1,5.004558721189819
74,67,6.396394642881436,7,1,4,7.031081607135571
72,87,7.0787101097112135,5,7,2,7.666386967086637
98,84,5.645087189073311,5,3,3,6.406473843278007
44,64,6.350912963483325,1,6,3,6.7747261109550045
81,74,7.721395327974778,6,2,1,6.323581401607567
78,86,8.359163894865606,9,9,2,9.372250831540317
97,77,6.168276669781944,9,1,2,7.3395169990654185
80,59,4.2183082885368055,8,6,1,9.54450751343896
67,88,4.808362720734014,5,6,2,8.137491183779796
46,66,4.104305696457691,1,5,4,7.088708291062693
48,88,7.26631509618665,9,5,1,9.080105471144003
47,71,5.6615731267755445,1,1,4,5.351528061967336
51,75,6.712393178596837,8,5,2,8.91628204642095
73,93,6.466384233918998,5,2,1,6.2700847298243
72,74,4.407632447762134,3,7,2,7.797710265671361
87,66,6.016306805619159,7,3,1,7.495107958314252
94,62,5.102805624611616,7,4,2,7.969158312616513
62,69,6.091998943338264,9,3,4,8.742400316998522
63,74,5.017891401711213,7,3,4,8.194632579486637
76,53,8.202262031384667,3,4,2,5.889321390584601
74,59,4.870966682891268,1,5,1,6.368709995132619
83,52,8.803902757434884,8,1,3,6.678829172769536
79,90,6.079536830734704,3,4,4,6.096138950779588
61,94,8.231226460095247,8,8,4,8.970632061971427
66,67,7.1438240910297255,8,7,3,9.166852772691083
74,96,7.676751493328763,5,9,2,7.956974552001371
40,85,7.838619440333901,1,5,1,5.898414167899831
74,96,6.524224409465089,7,4,2,7.602732677160472
76,71,6.716502616816442,5,8,5,8.155049214955067
86,83,6.569979339043625,8,9,4,9.379006198286913
53,96,6.940291890450396,9,7,5,9.59791243286488
42,57,4.146972228782537,7,7,4,10.24590833136524
40,89,5.977575849245076,7,5,4,8.816727245226476
44,98,7.030943567805858,1,4,5,5.630716929658243
65,93,6.988617826279322,4,1,5,5.573414652116204
94,68,7.964780473028158,2,7,2,5.9505658580915535
53,91,7.275046694160543,2,1,5,4.947485991751837
78,90,8.96066658170336,2,1,2,3.9518000254889913
66,86,5.419272643043225,4,5,2,7.294218207087032
48,55,5.795755148331157,1,9,2,7.851273455500654
54,75,5.9192357593389815,4,6,4,7.794229272198306
54,83,6.329064035101243,2,3,4,5.8912807894696275
65,94,8.179990318906047,5,3,5,6.2060029043281855
81,55,5.178960469796049,3,7,4,7.576311859061186
99,86,7.8800010351771475,8,6,5,7.795999689446854
52,82,6.026550915428717,4,9,4,8.632034725371383
90,71,7.009276918310043,1,6,1,5.587216924506988
71,70,7.162702666131531,1,5,1,5.631189200160541
78,55,5.864243185944672,3,7,5,7.4307270442165985
88,55,6.563076026029026,9,1,4,7.621077192191293
91,97,6.065155873238485,7,7,4,8.290453238028453
71,53,4.345663930933097,2,3,2,6.44630082072007
43,79,6.185826944084132,9,9,3,10.794251916774762
69,60,4.486966962767761,2,6,5,7.273909911169672
76,79,6.025103995401608,3,9,3,7.782468801379518
62,80,6.964591999158909,2,5,3,6.170622400252326
78,73,6.897074496717504,3,7,5,6.940877650984749
84,58,7.3131063950416015,6,4,4,7.146068081487519
54,52,4.476307539773131,9,7,5,10.757107738068061
82,80,7.260616227652189,9,1,3,7.281815131704344
68,89,5.560740283482236,7,7,4,8.981777914955329
75,86,5.995229730685555,3,8,1,7.441431080794334
52,85,8.289931269613529,4,5,5,6.723020619115942
71,73,4.045152020647751,6,2,5,7.636454393805675
46,80,6.9420631667030275,5,5,4,7.697381049989093
98,55,6.993569900500538,2,6,1,5.991929029849839
90,51,5.983298881717809,6,2,1,6.895010335484657
61,69,5.1851392855416805,3,6,4,7.534458214337495
67,77,5.173370191307756,8,6,2,9.337988942607673
41,60,8.418548348303762,2,1,5,5.154435495508871
81,53,6.210121868914287,1,1,5,4.686963439325714
84,64,5.65444681494586,9,3,3,8.483665955516242
96,55,6.243887869157016,3,3,4,5.756833639252895
92,98,7.346952007296807,1,4,3,4.575914397810958
45,79,4.728782841223758,7,2,3,8.291365147632874
67,87,6.247169176068688,5,9,1,8.615849247179394
67,51,6.9394218555519345,5,7,5,8.16817344333442
83,64,8.742916774257168,1,7,3,5.57712496772285
83,60,5.262638910377096,9,6,1,9.561208326886872
59,57,5.796253739581228,7,3,4,8.211123878125631
69,75,5.896792949612118,8,6,3,9.100962115116365
50,94,7.027690788224414,9,8,5,9.951692763532677
97,93,5.783660265200009,6,8,3,8.19490192044
94,54,6.667559626498478,5,9,4,8.279732112050457
67,55,7.908951649225147,6,1,3,6.437314505232458
64,75,7.526927970561018,2,1,5,4.811921608831694
78,53,6.231843232562928,4,3,1,6.540447030231122
72,68,8.321080888370844,3,3,5,5.483675733488747
40,69,6.790701247969315,7,8,1,9.672789625609207
96,82,6.699529197511063,9,1,2,7.150141240746681
66,69,4.170938829695791,5,2,5,7.338718351091262
96,98,8.933464901785808,6,2,5,5.419960529464257
91,61,4.614854042648133,2,3,4,5.885543787205559
52,96,5.155654562138233,3,6,3,7.453303631358531
80,50,4.258484186207635,3,1,1,6.122454744137711
42,75,7.200014834184568,9,2,1,8.44999554974463
78,63,5.1235058848634,7,1,4,7.3729482345409805
45,87,4.900052187363618,8,5,4,9.459984343790914
47,86,4.442777921116207,9,7,3,10.56716662366514
66,60,4.516544785620078,6,8,3,9.525036564313977
48,85,6.923353502212944,4,1,5,6.012993949336117
76,62,7.441039329332977,1,7,2,6.127688201200107
72,92,5.986894942322005,8,5,3,8.543931517303399
90,52,6.399485407960366,7,1,4,6.860154377611892
81,82,7.429838679914921,2,3,3,5.031048396025523
83,55,4.086898950927398,8,7,1,9.86393031472178
63,99,5.615653285351392,5,1,2,6.365304014394583
54,59,8.865488740351733,7,7,5,8.570353377894481
98,54,6.90056114847734,4,5,1,6.529831655456798
93,72,5.271122899487466,5,1,1,6.138663130153761
71,59,6.6086502331810655,8,1,2,7.507404930045682
71,93,5.713267440604577,1,1,5,4.6360197678186275
63,51,6.6612249441314955,1,9,4,7.331632516760552
80,62,4.628707559033244,4,3,5,6.891387732290027
91,89,4.663573269096387,3,5,3,6.590928019271083
88,51,4.717711810196964,2,9,1,7.81468645694091
88,69,8.69909895963421,3,6,3,5.940270312109738
97,50,7.664494591706709,1,9,4,6.360651622487987
91,86,4.811909473311604,1,8,3,6.676427158006519
51,58,4.941745418828007,6,8,5,9.717476374351598
78,66,7.654147374354382,5,1,3,5.783755787693686
41,58,4.78081922396087,8,9,4,11.065754232811738
42,60,5.172806466674143,2,6,4,7.608158059997757
88,64,8.816734164101995,4,9,4,7.254979750769402
76,73,5.27653262364216,8,3,5,8.267040212907352
88,87,7.308161751855733,6,3,4,6.47755147444328
95,84,8.893156437002652,1,6,1,4.792053068899205
56,79,5.871483835698964,4,9,4,8.62855484929031
98,80,4.0875799543103115,1,7,3,6.513726013706908
88,98,5.220736452111871,2,3,3,5.393779064366438
41,54,8.154385956708527,5,3,3,7.093684212987442
41,93,8.323044179775184,8,2,5,7.553086746067445
67,99,7.842596822618956,8,9,3,9.217220953214314
93,63,4.565549095382865,3,3,5,6.24033527138514
62,60,7.977551858482016,4,5,5,6.866734442455396
76,58,8.593388984967522,6,9,4,8.421983304509745
71,83,7.00304771273118,3,8,1,7.249085686180646
72,61,8.704376781690325,2,2,4,4.738686965492902
40,84,8.134194418559387,6,3,4,7.219741674432184
58,84,7.334857584954536,5,2,5,6.399542724513639
41,50,6.885926183558741,5,8,5,9.014222144932377
92,89,5.7428683362098525,5,6,3,7.347139499137044
83,71,4.796437226214025,5,6,3,7.9910688321357926
65,78,7.024769613452705,3,9,4,7.712569115964189
71,57,5.590557768090598,7,8,2,9.532832669572821
45,60,8.332193337638227,6,4,2,7.600341998708531
71,90,8.966684686793142,4,4,3,5.7899945939620565
94,86,7.762138813077863,2,9,2,6.431358356076641
43,63,4.452408476435254,9,1,3,9.074277457069424
94,79,5.44342797765319,1,2,5,4.696971606704043
50,84,4.5455481588287485,4,2,4,6.9963355523513755
95,70,7.252558238958579,1,6,1,5.4242325283124275
98,86,7.825954322778923,6,4,4,6.4322137031663225
56,54,8.62837415440356,4,3,3,6.251487753678932
77,68,6.190861732059938,5,3,3,6.822741480382018
63,63,8.506878247942222,5,3,4,6.457936525617334
44,75,8.389455795206636,9,6,3,9.25316326143801
91,53,5.585978583826993,1,8,2,6.774206424851902
73,74,8.344503127702854,2,7,2,6.196649061689144
45,94,5.878361259408632,6,4,3,7.996491622177408
61,91,5.484346372801404,5,4,3,7.4246960881595765
50,74,7.245373293971966,7,2,2,7.48638801180841
87,67,5.641906139425405,3,1,3,5.397428158172378
55,89,7.15104374164572,3,9,3,7.764686877506285
72,57,7.049159027493473,2,2,4,5.275252291751958
48,88,6.817194636742294,3,8,1,7.714841608977312
99,89,5.902098521163989,1,9,2,6.459370443650804
98,63,6.7424986082573835,5,4,4,6.587250417522785
45,81,6.9824273749271075,5,8,1,8.595271787521867
55,87,6.728434442477367,7,9,3,9.51146966725679
68,82,6.222097263756008,4,5,3,7.053370820873197
42,72,4.073335285231319,3,7,4,8.517999414430605
59,64,6.935308538505755,1,4,3,5.699407438448275
99,82,4.8422219257135986,8,1,5,7.247333422285919
98,74,7.212879844735948,3,3,4,5.236136046579216
75,66,7.79672163961433,2,5,1,5.8009835081157
58,82,6.502226545653707,4,3,4,6.569332036303887
65,96,6.711818324898692,3,7,2,7.0264545025303935
42,51,8.757392798329956,1,9,4,7.122782160501014
58,63,8.23583680686287,3,6,3,6.739248957941139
59,89,8.57118257975735,2,1,3,4.458645226072796
71,89,8.068831441597933,8,7,5,8.569350567520619
46,88,4.544591709233657,6,3,5,8.136622487229902
91,55,4.744959279850973,9,5,5,9.306512216044707
80,55,6.6331189863447975,8,4,1,8.260064304096561
72,52,5.230348293989991,3,5,5,7.170895511803005
79,56,6.383477375205796,5,5,1,7.444956787438262
78,57,5.971826619091751,7,6,5,8.678452014272475
57,91,6.747071192152267,5,6,1,7.725878642354321
79,64,7.734378580679113,8,8,4,9.059686425796265
40,96,7.577454535496372,5,8,4,8.366763639351088
50,78,6.606170662426672,1,9,3,7.3381488012719975
67,82,8.11196709408529,5,8,1,7.806409871774413
96,79,6.154310457690167,4,2,2,5.643706862692949
64,88,8.483571449200612,6,1,3,5.994928565239817
89,76,4.35640135027582,3,2,4,5.953079594917255
62,85,8.773300150166538,5,2,1,5.878009954950039
70,78,7.273465407156741,2,3,5,5.337960377852977
69,87,5.900372544686027,6,7,2,8.479888236594192
81,82,4.985770632864387,6,2,4,7.0642688101406845
74,86,6.395916147217999,5,1,3,6.0412251558346
46,76,4.972791615926505,6,6,1,9.02816251522205
99,82,4.831658038715711,7,9,2,9.250502588385286
55,53,7.086758787064872,5,3,1,7.143972363880539
65,71,6.615423622908923,1,6,5,6.205372913127324
87,51,7.3504801730547085,8,3,3,7.644855948083588
96,59,8.648029387109947,4,1,1,4.795591183867017
91,54,6.6613010666952,9,5,4,8.741609679991441
99,59,6.904660266313988,6,4,3,6.958601920105803
88,82,4.448131695774711,1,7,4,6.585560491267588
41,87,7.588178929543147,3,6,1,7.033546321137055
40,62,5.999526034020781,3,7,3,8.080142189793767
87,80,8.883626193312894,4,5,4,5.894912142006132
51,96,8.1158700779783,6,4,5,7.18523897660651
44,85,6.612405202580591,7,7,5,9.186278439225822
76,94,4.61611327086083,4,7,1,7.855166018741751
71,73,8.297078966402946,6,6,3,7.560876310079115
98,64,7.9989054771201085,1,8,2,5.800328356863968
94,78,4.922925647685165,8,4,3,8.263122305694448
48,57,5.47639144610155,7,5,5,9.127082566169534
80,54,7.967036290739187,9,4,4,8.269889112778245
74,78,4.926142232737048,3,1,2,5.762157330178886
58,96,8.588762445856887,2,8,1,6.503371266242934
87,53,6.122637125981809,1,1,2,4.593208862205457
55,61,4.435194812938294,3,5,1,7.659441556118513
42,94,8.078743217521405,5,6,2,7.596377034743578
59,51,5.867548415191938,2,6,1,7.149735475442418
63,76,6.632495970768905,3,5,1,6.690251208769329
93,80,4.561521722056096,4,3,2,6.471543483383172
95,85,4.012920074224912,7,5,2,8.346123977732526
72,85,7.189926028966488,3,8,1,7.153022191310054
63,75,6.575875851668658,9,2,5,8.217237244499403
91,92,6.967692845615736,8,6,2,8.16969214631528
50,76,7.968719251902582,4,9,3,8.149384224429225
88,54,7.233029567114301,1,8,4,6.330091129865711
47,69,4.873867214136886,1,8,1,7.707839835758935
75,60,5.803862595552999,1,8,1,6.958841221334101
77,59,8.529455523938802,1,7,4,5.81116334281836
79,89,7.849723501258395,8,8,5,8.775082949622481
59,87,6.783185289683586,3,6,4,6.9150444130949245
74,55,5.278224989046361,6,2,2,7.386532503286092
87,57,5.510302509173975,3,2,4,5.836909247247807
64,72,7.659790337928173,5,8,1,8.102062898621549
74,96,8.255871304263854,7,1,4,6.183238608720845
64,75,7.357123347653072,2,6,3,6.362862995704078
68,95,8.047649878842208,6,6,2,7.475705036347338
57,92,7.83328067600203,6,4,4,7.19001579719939
85,61,4.748519839784788,3,3,1,6.365444048064562
57,75,6.11972406456651,6,3,2,7.574082780630048
41,62,4.764919004142813,5,1,1,7.430524298757157
93,89,5.176177924009924,2,3,5,5.397146622797022
74,67,8.346298123255263,9,4,3,8.14611056302342
55,74,6.364459828165911,8,5,5,8.950662051550228
80,82,6.676790509213305,3,3,3,5.676962847236009
75,96,4.892229826138861,8,6,4,9.07233105215834
72,89,5.56135893024398,9,5,2,9.101592320926805
43,92,5.15123084213935,3,3,4,6.774630747358194
72,61,5.030930822592132,3,6,3,7.440720753222361
53,93,7.18980396657985,2,6,3,6.453058810026045
60,85,5.284419238228574,8,8,3,9.964674228531429
87,97,7.160077430102092,1,2,1,4.1419767709693724
59,53,4.29227307054277,8,1,2,8.502318078837172
95,54,4.70887196763551,7,4,4,8.147338409709345
47,86,5.372701270000627,7,7,4,9.488189618999813
46,57,6.985234584478459,3,3,5,6.5144296246564615
42,91,7.37920622543688,1,3,3,5.336238132368937
56,98,6.213584833897635,4,5,3,7.135924549830708
72,77,6.228954572886145,9,5,3,9.021313628134157
87,80,7.622584256993091,5,3,4,6.073224722902073
51,58,4.079105458827912,1,9,5,8.276268362351626
98,78,5.7054501223711025,5,4,1,6.748364963288669
90,63,8.093535285596165,8,3,2,7.24193941432115
61,89,7.016097051066861,8,2,1,7.585170884679941
94,90,5.686135663777102,5,9,4,8.214159300866868
61,71,8.52762396164837,9,4,3,8.311712811505487
85,60,7.863113637246913,1,3,2,4.641065908825927
69,72,5.324477236183667,4,7,4,8.002656829144899
77,50,7.226449187628584,3,8,4,7.392065243711424
77,95,6.978753640944784,2,2,4,4.816373907716565
84,86,6.005939570194913,8,7,2,8.958218128941526
90,70,5.834780396024003,7,5,2,8.0495658811928
93,75,5.71780237387852,9,5,5,8.774659287836444
47,95,7.085778916978234,2,3,5,5.684266324906529
66,85,6.2120496824033475,4,5,1,7.066385095278996
66,72,8.15931556625711,6,2,2,6.512205330122867
73,50,7.348013080669809,3,4,2,6.235596075799058
60,89,4.349658028547171,8,6,2,9.605102591435848
69,64,7.20084111914083,3,1,5,5.3197476642577515
72,70,5.355737182500924,2,4,4,6.253278845249723
67,96,6.964059958267113,3,6,3,6.610782012519867
86,58,7.4006596555172575,6,9,5,8.579802103344822
72,58,5.15414594577006,2,2,2,5.833756216268981
44,59,6.284293224401843,8,7,5,9.944712032679448
99,75,4.951624314095339,1,6,1,5.984512705771397
87,90,4.261694378932542,7,2,2,7.481491686320236
58,84,5.892382117429346,2,8,1,7.432285364771197
43,74,5.81472135922996,6,7,2,9.155583592231013
74,75,8.977402453521286,2,5,5,5.3767792639436145
88,60,6.231761755988211,2,5,4,6.070471473203536
56,87,5.667847747361002,8,7,3,9.609645675791702
83,51,6.902375033583374,2,9,1,7.259287489924988
67,56,4.443836970538842,7,9,5,10.266848908838346
69,67,8.808328679774066,3,9,4,7.207501396067781
68,76,7.174800227955165,8,6,5,8.72755993161345
85,83,7.774189099704239,7,6,1,7.73774327008873
92,76,4.852389690869588,8,3,3,8.044283092739125
45,66,6.04738926502602,7,1,5,7.725783220492195
74,92,6.113445566980948,6,7,2,8.265966329905716
99,93,8.109032219505433,7,4,4,6.657290334148369
80,73,4.006183398797047,5,1,5,6.768144980360887
76,74,5.504265541766276,7,8,4,9.288720337470119
63,56,8.906181871721518,1,6,2,5.708145438483545
68,55,6.374432717531093,1,6,3,6.377670184740673
88,73,5.912631401220041,9,2,3,7.936210579633988
85,82,4.599145010088232,5,1,2,6.4002564969735305
92,98,8.870823143140079,5,2,4,5.118753057057976
70,78,4.100131779629122,3,4,5,6.989960466111262
74,92,7.6859011250362155,5,2,2,5.894229662489135
99,71,7.842999023942542,3,1,1,4.457100292817237
72,75,5.2182835803193335,9,7,4,9.9445149259042
91,77,7.357792218065186,9,8,3,9.202662334580445
60,99,4.464645721896949,6,6,2,8.670606283430915
71,70,5.2852363321604,1,4,3,5.894429100351879
62,98,7.939509941461325,7,6,4,7.998147017561601
72,56,8.323430960167702,7,3,3,7.202970711949691
42,66,7.042432063298957,4,8,2,8.387270381010314
57,69,6.534192159102413,8,2,4,8.009742352269276
64,90,4.796520103094902,6,5,1,8.28104396907153
81,98,4.315545165395751,4,1,2,6.005336450381275
70,69,4.588245142367793,4,6,5,7.933526457289662
93,71,5.136786500480493,2,2,2,5.288964049855851
97,77,5.7083725094846045,2,4,4,5.577488247154619
42,89,5.904547627554936,4,6,2,7.89863571173352
79,98,5.731608842945018,5,8,1,8.120517347116493
85,56,5.195276660986329,8,8,1,9.781417001704103
63,50,6.548621233758491,6,6,5,8.475413629872454
89,81,8.126430541164485,4,4,3,5.772070837650654
71,62,5.398517692357396,7,8,4,9.540444692292782
86,79,8.711935095511166,8,8,4,8.476419471346652
61,72,8.366683308619239,2,1,3,4.649995007414228
62,68,4.808821056760548,7,4,1,8.637353682971835
41,81,7.931379783785473,2,4,1,5.990586064864358
66,79,6.872936911588833,2,7,2,6.72811892652335
81,78,6.832876810857092,8,7,5,8.850136956742874
41,98,5.955213815290872,2,8,5,7.613435855412737
65,94,6.505764995910049,9,5,5,8.908270501226985
56,78,5.985893887146055,1,7,2,6.804231833856184
79,79,6.6986630937997145,9,8,5,9.620401071860087
72,65,7.13975026386318,1,9,3,6.868074920841046
48,89,7.371519032045242,2,3,2,5.638544290386427
82,68,6.662405962797131,6,3,3,6.981278211160861
93,67,7.607110336643658,6,4,2,6.787866899006901
87,50,4.706390246377529,1,5,5,6.248082926086742
78,63,5.059912454511193,7,1,3,7.392026263646643
68,96,8.09367502037135,8,7,3,8.551897493888596
81,99,5.612639889232076,2,9,3,7.206208033230377
94,51,4.114469124880602,8,8,2,9.97565926253582
65,77,4.768955748340155,9,5,4,9.599313275497954
74,98,5.118072172481556,6,4,5,7.604578348255533
89,99,8.786614439472936,5,7,3,6.694015668158118
64,79,6.865207144654247,9,5,4,8.970437856603727
63,87,8.663653702381275,9,7,5,8.970903889285617
52,53,6.875816752483125,1,1,5,5.0672549742550625
99,50,6.396772200689259,3,1,3,5.100968339793223
97,57,5.56863845597048,9,3,3,8.319408463208857
46,78,7.031854722166878,2,2,2,5.590443583349936
96,88,4.6959901230876495,4,2,4,5.991202963073705
75,52,8.49130813646353,4,7,4,7.132607559060942
84,81,8.14666202570642,2,2,3,4.466001392288074
59,59,5.587657239383685,3,4,5,6.953702828184895
40,59,8.763987638006473,3,2,3,5.780803708598059
47,68,8.12600383707784,1,6,5,6.142198848876648
85,95,7.331534429175198,6,8,5,7.950539671247442
55,83,4.608809555626374,8,4,3,9.087357133312087
53,82,6.391170115240362,3,5,1,6.9026489654278915
51,72,6.530537774233754,5,4,4,7.500838667729874
90,77,5.162756791826901,1,3,5,5.18117296245193
62,81,4.39982697179651,7,5,5,8.930051908461047
54,99,7.883618152358464,1,9,1,6.66491455429246
67,56,4.6101752606219755,9,8,2,10.716947421813407
73,78,6.971453752808873,8,8,1,9.268563874157339
41,57,8.682245869418303,7,8,1,9.205326239174509
71,50,8.380525962990212,7,8,5,8.765842211102937
62,52,5.388763118746306,5,7,4,8.723371064376108
61,73,8.257243187756327,5,8,1,7.972827043673101
90,72,4.001662530602447,5,8,2,8.679501240819265
64,57,4.088439048066286,1,8,3,7.723468285580115
97,96,7.012765819214325,8,7,1,8.296170254235701
61,86,5.823991095722647,1,1,1,4.872802671283206
97,52,5.932304205795736,4,4,2,6.560308738261279
97,82,6.822205453394412,9,4,4,7.993338363981676
61,77,4.958912277959303,9,5,1,9.62232631661221
88,96,5.0587767533273915,5,6,1,7.562366974001782
91,57,6.423007935094324,4,4,4,6.483097619471701
81,83,7.771267721719315,3,2,2,5.018619683484205
45,84,7.097488757037938,3,6,1,7.130753372888618
54,81,5.486775241184194,5,8,4,8.863967427644742
93,73,6.151685887544605,1,8,1,6.364494233736618
82,63,4.853323792749992,5,7,3,8.374002862175
99,81,4.3731490716854085,6,6,5,8.098055278494376
76,95,7.913480203720746,7,2,3,6.555955938883776
72,92,5.326937045940973,9,7,1,9.741918886217709
47,65,4.888831939256241,3,5,2,7.643350418223129
92,53,7.458090277846597,2,6,5,5.9925729166460195
99,86,7.0902583714359295,3,8,3,6.63292248856922
83,70,7.165948130067321,9,8,4,9.490215560979804
83,63,5.1444730242330685,7,3,2,7.86665809273008
44,80,5.163227692813405,9,7,3,10.471031692155977
78,97,5.104013148928196,2,1,4,5.038796055321542
43,67,4.868762978311473,5,1,1,7.309371106506558
45,56,7.278618362808281,4,7,4,8.056414491157515
84,59,8.240079426247007,2,9,3,6.757976172125899
71,56,7.621587348383306,9,7,3,9.433523795485007
91,82,7.960468168802716,9,5,1,8.071859549359184
69,72,6.023992145425999,6,8,4,8.892802356372199
86,70,7.270378976859991,6,2,4,6.398886306942003
74,68,5.771181202223873,8,9,1,10.008645639332837
94,97,6.6275231098431995,6,6,4,7.361743067047041
79,68,6.408174232674312,1,9,1,6.9175477301977075
91,85,4.884435725719272,4,2,2,6.064669282284218
55,78,5.9353938016781544,7,3,3,8.039381859496556
52,67,8.819111377411755,2,8,2,6.844266586776473
89,51,5.242901288574711,9,1,5,8.037129613427588
99,50,4.669018681397444,8,7,5,9.419294395580765
81,96,6.0929031081196765,8,7,5,8.892129067564095
69,54,7.951688679300741,7,1,1,6.794493396209779
58,69,6.910741148899861,4,9,4,8.376777655330041
56,60,7.404874136191223,2,8,2,7.258537759142633
95,91,4.948474240873386,3,4,2,6.105457727737983
58,51,7.094740965038607,6,5,2,8.101577710488419
67,52,5.617501974557369,5,2,2,7.054749407632789
97,72,8.171516829773838,8,9,5,8.788544951067848
94,61,7.146494030053681,6,6,2,7.566051790983896
65,69,4.994281388876479,6,3,4,7.8117155833370555
76,54,4.3230833992204305,1,7,5,7.143074980233872
65,86,4.2131660464351635,4,9,2,8.87605018606945
92,87,5.857042838250704,5,3,1,6.432887148524789
62,79,5.329255683271567,3,2,3,6.171223295018531
48,58,7.23045061731254,9,7,3,9.990864814806239
51,83,6.496669174893091,1,7,3,6.700999247532074
92,93,5.330096390026903,6,4,5,7.230971082991928
40,84,4.746188889750881,6,9,2,10.036143333074735
97,71,4.635998813437248,5,8,5,8.359200355968827
97,93,8.32330196070209,5,1,4,4.933009411789373
40,73,5.217389842024336,5,1,1,7.2047830473927
86,66,7.258553239554842,6,5,1,7.342434028133548
73,59,8.05342963993133,8,6,3,8.533971108020602
71,79,7.070406555923681,2,3,3,5.368878033222896
93,95,8.297826158234729,6,9,3,7.800652152529582
87,72,5.961968607642373,1,6,2,5.951409417707288
64,81,8.781110953244742,4,4,4,6.0756667140265765
79,66,4.665725020890485,3,7,4,7.660282493732854
84,99,4.5107476482876905,9,8,4,9.976775705513694
92,66,7.293460731037218,3,9,4,7.211961780688835
40,63,8.714155707066308,6,6,3,8.155753287880108
55,58,8.04441730818164,1,6,1,6.106674807545508
78,89,4.382084297190257,6,8,3,9.035374710842923
44,51,5.396838569673582,4,5,4,8.090948429097924
61,94,8.651594424189119,8,3,3,7.344521672743263
68,74,5.265292164003923,9,3,4,8.820412350798824
94,88,7.905852118934597,4,6,5,6.268244364319623
42,58,8.12566097964352,6,2,1,7.142301706106945
51,71,6.477260517304909,1,6,5,6.526821844808528
65,92,5.931744549241578,4,6,2,7.400476635227525
55,95,6.250622162098798,7,8,3,9.274813351370362
90,53,5.13482347182682,1,7,2,6.629552958451955
76,75,8.44695458064422,8,8,3,8.795913625806735
61,78,6.253098283648789,6,9,5,9.224070514905364
96,94,8.412297202280499,5,6,4,6.416310839315851
68,83,4.528467399531371,9,3,4,8.95145978014059
53,72,8.941376355000656,2,3,3,5.237587093499802
67,86,6.216365437218091,5,1,4,6.235090368834572
44,60,4.239154101970527,6,5,5,9.148253769408843
86,55,4.190109241187274,7,4,4,8.472967227643815
88,67,7.731036287409193,5,9,5,7.950689113777242
69,70,7.295177671018404,9,9,2,10.031446698694477
85,91,8.010652790637938,1,5,5,4.886804162808619
91,85,4.52683766976403,7,4,1,7.971948699070792
44,90,4.1778543351777415,7,7,1,9.866643699446676
51,87,6.542896447237892,4,6,1,7.547131065828634
55,83,5.937976157413848,9,4,3,9.088607152775845
65,66,6.309734683354779,5,2,3,6.747079594993566
65,86,8.95794204435137,4,1,3,5.052617386694588
87,74,8.853749788353351,7,4,5,6.863875063493994
60,87,8.711576948365964,4,4,3,6.11652691549021
78,61,7.919213383838369,3,1,2,4.954235984848489
75,72,5.774206801284452,9,6,1,9.447737959614665
72,91,6.0606546513138575,8,4,5,8.231803604605842
69,71,6.748080218594622,1,1,1,4.585575934421613
76,70,8.152672282024199,7,1,3,6.4341983153927425
62,76,4.343564162591338,9,1,5,8.5969307512226
97,80,6.121484429424441,8,8,4,9.023554671172668
49,55,4.413088317296343,8,8,2,10.746073504811095
93,76,6.573287932867558,6,2,3,6.408013620139733
44,89,8.494504120031177,4,7,3,7.381648763990646
75,83,7.91242462281969,8,8,2,8.896272613154093
73,61,5.13921208771555,3,8,2,7.988236373685335
91,94,8.879954247993961,9,7,4,8.276013725601812
70,56,7.336751990232142,2,5,3,6.138974402930355
49,59,4.052138496987015,2,1,3,6.314358450903896
97,94,5.2770674234260975,7,9,1,9.03687977297217
58,66,5.303566499599583,4,7,5,8.288930050120124
97,75,4.3462715314292995,8,2,5,7.806118540571211
71,70,8.799132590379646,9,6,1,8.640260222886107
40,77,6.3912764728796185,7,2,5,7.912617058136114
95,95,8.47907298685941,5,1,2,4.906278103942176
44,51,5.6110775172231415,8,7,5,10.226676744833057
84,92,4.626167852164135,4,2,5,6.21214964435076
43,50,6.371680549531069,2,2,1,6.128495835140678
55,85,4.569783173571586,6,5,4,8.579065047928525
63,75,6.430077514887699,9,5,5,9.16097674553369
55,78,8.60148590609704,1,7,5,6.039554228170888
94,70,6.603840709171063,7,1,4,6.538847787248683
41,60,7.082498634475417,9,8,1,10.455250409657376
88,89,4.7831921848690415,9,3,4,8.415042344539287
67,60,4.218678129399848,3,4,1,7.194396561180046
71,85,4.554039810899035,5,9,2,9.063788056730289
66,98,6.992657878421828,8,4,1,8.00220263647345
59,88,4.475058494961523,8,5,2,9.297482451511543
63,89,5.8799644497065575,4,7,2,7.786010665088033
51,84,6.7504597022907795,1,4,1,5.714862089312767
89,83,5.943263993149236,1,1,3,4.307020802055229
74,96,4.818419007326508,4,9,1,8.414474297802048
99,73,5.368956537570533,6,4,5,7.279313038728839
72,71,8.641587664242884,8,9,5,9.157523700727136
72,54,7.379911377931776,6,6,3,8.006026586620468
90,82,6.4802391933994326,9,1,2,7.33592824198017
82,85,4.0635744499344675,9,3,3,8.79092766501966
76,96,8.962077002447352,2,2,5,4.231376899265794
51,69,7.357274674473216,1,9,3,7.182817597658036
42,68,5.584612386724725,2,1,1,5.904616283982582
40,84,8.39634329998919,5,9,3,8.541097010003242
72,92,5.292158101459091,4,9,2,8.352352569562273
79,66,6.720082895913758,4,8,1,7.7439751312258736
49,94,7.180353818649126,9,8,4,9.925893854405263
82,92,5.105316857268642,8,1,5,7.408404942819407
83,83,8.89198639400298,6,8,5,7.642404081799107
68,58,7.740959529894988,1,3,3,5.037712141031505
52,75,6.789066127555349,2,7,1,7.073280161733396
51,51,4.9029729908765045,6,1,4,7.699108102737052
70,58,4.269291034990131,2,1,1,5.83921268950296
85,58,5.600299162604918,5,5,5,7.539910251218526
41,89,7.765936679567014,5,5,1,7.460218996129895
90,66,5.346656491510125,6,8,4,8.736003052546963
89,50,6.697781102477526,6,7,3,8.210665669256743
74,74,7.6397358836537155,6,8,2,8.288079234903886
62,92,4.539718573232322,2,6,1,7.078084428030303
56,89,7.4264900805793665,3,6,2,6.76205297582619
65,91,4.459354438550223,6,2,5,7.452193668434932
47,74,8.825648710634983,8,6,3,8.672305386809505
68,88,6.4419706503246985,1,5,3,5.72740880490259
65,84,4.753380538549387,1,3,1,5.733985838435184
49,52,5.711918180167732,2,6,3,7.38642454594968
65,99,6.067082246476307,6,8,1,8.689875326057107
73,86,7.7909250553826865,9,9,1,9.642722483385192
90,93,7.717118930383046,4,1,2,4.854864320885087
80,93,7.059702526686655,3,3,3,5.452089241994004
46,79,4.529653562792465,8,3,1,9.03110393116226
43,87,4.757846857938368,9,8,2,10.842645942618491
97,83,4.468784603227784,5,1,4,6.189364619031666
92,61,6.88586391643775,9,5,2,8.584240825068676
89,68,8.385692207557021,2,3,2,4.724292337732893
84,86,6.169002561273858,3,2,1,5.409299231617842
50,93,4.804240869788731,7,8,5,9.828727739063382
68,98,6.790211625744835,7,3,5,7.32293651227655
95,66,8.058761084328548,6,7,5,7.522371674701436
75,59,7.70856030756465,6,1,2,6.297431907730607
64,98,8.407253898375107,2,6,1,5.817823830487468
60,96,5.389510486244339,6,3,3,7.5231468541267
96,61,4.969769336338874,4,8,2,7.979069199098338
75,65,8.399082429709694,3,6,2,6.330275271087091
49,73,7.287801563890115,2,2,1,5.503659530832964
76,68,5.554644650037771,1,6,4,6.33360660498867
48,57,7.711740252862546,5,7,2,8.256477924141237
63,80,8.07559192240184,2,5,4,5.817322423279448
74,70,7.074891201705662,2,3,4,5.3975326394883
88,66,7.439420549399576,7,4,5,7.348173835180127
74,72,5.876299522213332,8,4,1,8.437110143335998
87,86,6.693478336715195,8,6,4,8.391956498985442
75,65,6.620795853630812,4,1,1,5.763761243910756
57,55,8.24023895565386,1,4,5,5.437928313303844
88,57,8.199819901410912,7,4,1,7.210054029576726
78,74,8.163402346735216,1,1,2,3.950979295979435
71,67,4.055158071312329,4,9,4,8.9934525786063
63,74,7.7477274223444415,8,4,1,8.075681773296667
62,61,7.793381950555024,2,7,3,6.711985414833493
71,64,7.3918941142757095,6,3,1,7.022431765717289
76,75,7.781323289457263,6,3,4,6.695603013162822
51,90,8.209851857483542,9,8,5,9.617044442754938
88,94,6.351595270508929,5,8,5,7.794521418847322
94,75,6.510251067442235,4,1,4,5.316924679767329
52,96,4.623570284556952,5,2,2,7.212928914632912
62,81,5.926879415236809,5,8,2,8.571936175428958
64,59,7.216825899558922,8,1,5,7.464952230132324
74,65,7.901998880736373,8,8,5,9.099400335779087
80,56,5.086045488456053,2,8,4,7.5141863534631845
69,66,4.6891144957961775,7,2,2,7.953265651261146
56,72,7.315210022502461,8,4,5,8.36543699324926
88,75,4.009399417624553,6,6,2,8.487180174712636
59,70,4.891862921536649,5,9,5,9.352441123539005
87,71,4.145356901719769,9,8,1,10.306392929484069
64,56,4.834425589274355,3,8,3,8.309672323217693
61,63,4.906596399627526,4,7,1,8.37802108011174
52,64,5.938367973751971,9,9,5,10.838489607874408
98,56,6.011635623432779,6,2,3,6.6765093129701665
58,58,8.371312353051188,8,3,3,7.848606294084643
88,97,6.550548562494126,7,8,5,8.504835431251763
75,57,7.6170238280614315,2,6,5,6.24489285158157
51,99,4.520686789601437,3,9,2,8.53379396311957
80,72,5.127193777318469,1,4,5,5.741841866804459
58,78,7.514717204893384,9,8,4,9.805584838531985
51,67,4.2640198023426406,7,3,5,8.730794059297208
48,80,6.432988311218765,1,3,4,5.6101035066343705
46,79,6.99684482831467,3,8,5,7.790946551505599
67,88,7.010728220262405,4,5,2,6.776781533921279
53,84,4.11466405634021,4,3,4,7.365600783097937
70,67,5.610540021145928,5,1,1,6.546837993656222
91,91,7.18245325524577,3,3,4,5.215264023426268
58,88,4.7449986807462174,3,9,2,8.436500395776134
97,66,7.477078241640266,1,5,4,5.056876527507921
86,63,7.729626044068373,7,2,5,6.731112186779489
55,80,8.909845952230725,1,7,5,5.927046214330784
92,73,5.049209974282047,2,2,2,5.315237007715385
44,84,8.125653338330576,4,4,3,6.642303998500826
74,93,6.6014828845932705,4,7,5,7.309555134622018
51,94,5.867312980720867,5,4,1,7.479806105783738
64,83,4.6118837866258895,2,7,2,7.406434864012233
91,52,7.677528032437688,4,7,4,7.056741590268693
98,86,5.179287995718435,1,1,4,4.326213601284469
60,92,5.857110009365229,2,6,1,6.7228669971904305
75,89,4.312711134486842,1,9,5,7.416186659653948
92,75,8.006834579097596,4,2,2,5.207949626270722
62,72,7.832942619858217,4,3,1,6.190117214042535
55,93,7.668079150211563,7,5,5,7.969576254936532
96,88,5.497217552459434,9,9,2,9.850834734262168
78,64,4.867400371329786,9,4,4,9.139779888601062
84,98,7.187766322351148,5,1,2,5.483670103294656
92,53,6.480831920566097,1,4,3,5.285750423830171
81,78,4.891262334523208,1,6,2,6.332621299643039
97,71,7.429556355249319,6,5,3,7.021133093425205
78,74,8.955632159106518,2,1,2,4.113310352268044
53,62,7.736097938710188,8,4,3,8.399170618386943
70,67,7.699931933428059,9,6,4,9.020020419971583
97,82,8.751563764652959,4,4,5,5.414530870604112
44,65,5.014681837874511,5,9,3,9.665595448637646
74,94,6.827749824607202,8,5,3,8.23167505261784
62,91,8.898233575169417,3,8,4,6.780529927449175
68,93,4.826470554850872,5,9,3,8.962058833544738
82,51,7.501259797222605,3,5,1,6.299622060833217
50,84,6.92905072985951,3,6,4,7.081284781042147
57,91,6.932395460943535,3,1,1,5.370281361716939
86,83,7.488353137600376,7,7,4,8.103494058719887
51,79,8.648084614378421,7,4,3,7.595574615686474
48,62,7.91290969925669,7,2,1,7.4461270902229915
49,62,4.28068051708105,8,5,3,9.815795844875685
97,67,8.263640099378556,5,3,4,5.810907970186435
83,81,5.127706649628664,5,6,3,7.791688005111402
56,81,5.88457082368186,4,8,1,8.304628752895441
77,84,6.308664068061911,7,7,1,8.627400779581428
46,88,6.404530003765348,4,3,3,6.778640998870396
85,95,6.175901996276783,2,8,2,6.697229401116964
52,78,8.686766471079322,4,2,4,5.773970058676202
79,98,7.530095038320123,8,9,4,9.08097148850396
81,78,7.155853229783531,9,4,3,8.25324403106494
48,93,4.249210138914708,3,1,2,6.335236958325589
89,65,8.519566651301872,7,8,1,8.214130004609439
66,93,8.54695096004198,9,7,5,8.885914711987406
97,96,7.901065317150511,4,5,5,5.829680404854847
41,59,4.035146019068096,3,5,3,8.079456194279572
44,79,4.286401255388117,5,7,2,9.144079623383565
68,74,5.126118511342449,1,5,2,6.262164446597265
76,88,4.656747040724533,3,8,4,7.802975887782641
77,69,5.994180148518647,8,6,1,8.971745955444407
58,54,8.613115290438948,8,5,2,8.416065412868317
47,50,6.360302170984991,4,9,5,8.951909348704502
87,79,4.067013132160828,2,2,1,5.649896060351751
84,98,5.41372844789381,8,1,1,7.215881465631858
40,52,4.222974541864808,8,8,3,11.013107637440557
61,94,4.181438113067511,4,3,2,7.085568566079746
91,63,5.378599265477761,3,7,3,7.236420220356671
56,79,5.378061693394727,2,8,2,7.676581491981582
46,99,7.935633013008021,9,6,4,9.109310096097595
64,53,8.87417326390556,1,9,3,6.6277480208283315
84,67,5.856035469449991,7,7,3,8.793189359165003
43,86,6.144434394305193,5,5,5,7.936669681708442
75,74,8.223947181430107,8,8,3,8.892815845570968
45,97,5.340695100477567,4,2,2,6.72779146985673
99,50,4.78190902201724,7,7,5,8.985427293394828
70,95,8.265448117018252,5,4,3,6.370365564894523
58,64,4.232502932200328,5,9,3,9.6302491203399
83,58,7.098497200997079,9,1,4,7.530450839700876
93,64,6.809964237334034,9,7,3,9.15701072879979
78,98,5.729602237508471,9,6,1,9.14111932874746
66,73,5.575947605486795,6,8,5,9.077215718353962
49,53,7.8592886309081065,6,5,1,8.03221341072757
65,61,4.432123053812733,5,1,5,7.060363083856181
58,86,5.1839215465569275,9,1,4,8.324823536032923
78,86,7.662243659190449,8,9,3,9.181326902242864
42,92,6.741602918632121,7,6,3,8.817519124410365
84,55,4.639941042667932,7,5,3,8.67801768719962
52,88,8.4106780714103,6,1,5,6.25679657857691
89,95,5.967239232817958,5,6,3,7.279828230154615
67,73,8.139341876610864,4,6,1,6.888197437016739
97,60,7.938565077638543,3,3,3,5.178430476708439
59,62,7.12212723235864,3,8,4,7.663361830292408
67,83,6.472405656475464,6,1,1,6.588278303057363
47,74,8.897754201908786,4,1,3,5.5506737394273635
80,56,4.724825361899085,6,6,3,8.622552391430276
78,53,7.625778637755574,3,1,2,5.122266408673327
40,57,4.955953507323945,4,6,5,8.543213947802816
42,69,5.691315526661742,9,1,1,8.662605342001479
52,78,5.543493716865976,5,6,2,8.316951884940208
67,94,8.735179938693616,7,3,4,6.799446018391916
96,95,8.836780888941377,2,8,5,5.678965733317587
99,59,4.915077221173636,5,6,1,7.755476833647908
88,92,4.110175801487521,9,1,3,7.9869472595537445
64,83,7.600040198315566,3,5,1,6.309987940505329
95,75,6.089949669352421,9,8,3,9.523015099194273
72,90,4.444201225437822,6,3,5,7.626739632368654
77,98,7.418770527885213,4,6,3,6.654368841634437
92,52,6.725527641303499,7,5,4,7.922341707608952
45,55,8.902584110005531,8,6,3,8.87922476699834
97,54,5.1370474793068945,6,1,4,6.678885756207934
83,54,6.0198893816327415,5,7,5,8.094033185510177
84,96,6.712729016977114,6,9,5,8.446181294906864
71,72,7.958499942266759,5,2,1,6.072450017319972
84,98,6.744193283600294,8,5,4,8.016742014919913
86,58,7.064500804309747,1,4,4,5.180649758707077
60,84,5.130735257949704,7,6,2,9.020779422615089
55,69,8.2345936404428,2,6,2,6.339621907867159
93,98,6.143152734852379,9,2,2,7.517054179544287
60,91,4.704798137608846,1,2,3,5.478560558717346
50,84,7.320939572527086,6,4,2,7.563718128241874
99,99,5.080452265926537,9,1,4,7.405864320222038
76,67,4.487812551196499,1,9,3,7.563656234641051
75,66,8.309934542021361,4,7,5,7.047019637393591
74,73,6.300811322442199,4,7,1,7.599756603267339
58,52,7.746418563478882,9,3,2,8.496074430956336
59,81,5.452937799031775,5,3,5,7.274118660290467
96,84,7.934850674588332,5,1,4,5.159544797623501
57,87,4.559679635107652,6,3,1,7.922096109467705
86,62,5.779866868974263,1,3,5,5.2260399393077215
80,96,8.890309089867642,1,4,1,4.372907273039707
88,74,7.969948581840031,9,4,2,7.90901542544799
53,58,6.486279651573441,3,3,4,6.514116104527966
54,53,5.698887357809426,4,8,1,8.680333792657173
70,63,8.360678500112382,1,8,5,6.261796449966286
40,86,6.724238795422578,9,1,2,8.222728361373226
92,83,7.792125089345555,8,7,2,8.292362473196334
93,60,7.77053840158082,2,2,5,4.608838479525753
93,90,4.089728392842459,8,1,5,7.513081482147262
42,52,4.631268913963067,7,3,1,8.95061932581108
55,77,7.298146831973711,6,4,3,7.540555950407887
62,78,4.8080990564293575,1,6,2,6.737570283071192
96,58,5.277466723278024,7,5,1,8.216759983016594
50,52,8.733189770998035,7,4,5,7.860043068700589
51,74,6.800911291874559,9,8,1,10.199726612437633
49,83,7.753647534996736,1,4,5,5.46390573950098
71,61,6.7899036939132,2,2,4,5.333028891826039
55,91,6.762568073913626,9,3,5,8.461229577825913
47,58,4.47075955062849,9,6,5,10.538772134811452
77,64,5.718315963045516,6,8,5,8.904505211086345
51,89,5.412154493432558,6,8,3,9.266353651970233
63,74,5.953641828068067,4,9,5,8.513907451579579
67,54,7.991720941121642,4,7,2,7.422483717663508
92,60,5.8596633395843245,5,2,2,6.402100998124702
47,83,6.258484096158414,3,8,1,7.9524547711524765
97,73,5.986906952426582,1,7,3,6.0339279142720255
67,64,4.467039859876478,1,8,1,7.479888042037058
75,87,6.205360791253918,7,3,2,7.468391762623825
65,57,4.978046365222575,1,7,2,7.1365860904332274
47,54,4.933616478865208,1,9,4,8.139915056340438
97,97,4.470180522171332,3,3,5,5.848945843348601
99,75,5.783354870708823,4,6,2,6.934993538787353
89,67,7.787409423947087,4,2,1,5.413777172815874
67,55,5.382208452916981,2,2,1,5.895337464124905
67,86,5.561745509427568,1,5,5,6.03147634717173
76,97,7.213373288362118,3,5,5,6.045988013491367
80,62,4.979204062934595,4,7,4,7.986238781119622
75,77,8.484789652117673,3,2,3,4.984563104364698
66,54,6.600952616257772,8,7,1,9.459714215122666
93,62,6.2380147016010845,1,5,5,5.548595589519675
56,66,6.789100959646007,2,6,1,6.783269712106198
48,99,4.830171567080978,7,8,5,9.800948529875706
72,89,7.067365693195882,4,4,2,6.349790292041235
92,94,5.815503683170052,8,7,1,8.775348895048985
59,81,8.485931704823095,3,6,2,6.464220488553071
52,78,4.844271033388431,6,2,1,7.726718689983469
67,52,6.5352555193272055,9,8,3,10.179423344201838
87,89,6.99056314684509,1,9,4,6.372831055946473
68,83,4.166918008931906,1,5,2,6.459924597320428
52,89,5.8184656237807015,8,4,5,8.72446031286579
85,76,7.663176173504164,3,6,3,6.241047147948751
74,62,8.101887537244867,5,8,1,7.869433738826539
45,94,5.565809974086411,1,3,2,5.790257007774076
57,82,7.992966361913757,5,1,1,5.942110091425873
90,55,8.838779385516943,6,4,1,6.598366184344917
44,73,8.28436968037547,8,4,1,8.304689095887356
86,68,4.588219940796626,3,1,4,5.723534017761014
64,65,7.6986516604277035,3,9,4,7.660404501871689
41,89,5.598334162202724,9,3,5,9.110499751339182
49,77,8.942079947060382,4,5,2,6.667376015881885
95,82,6.4267949157994355,4,6,3,6.751961525260169
69,97,4.612169491794705,7,8,3,9.466349152461587
89,90,7.625927740136953,2,6,3,5.6322216779589125
98,62,5.615055991931069,8,3,1,7.83548320242068
84,92,8.98539078540831,6,6,4,6.904382764377507
44,94,8.898912289272609,3,1,2,5.010326313218217
94,74,7.280670090102904,9,4,1,7.995798972969126
95,91,4.649132244758588,5,6,4,7.595260326572424
72,85,7.434304988375145,8,7,4,8.779708503487457
93,76,4.465152432300136,7,3,2,7.740454270309961
40,87,4.146820795511962,8,9,2,10.98595376134641
57,56,8.11479223110743,7,7,2,8.76556233066777
71,54,5.048764738418407,3,1,1,6.025370578474478
86,92,5.895135631095487,2,2,5,4.991459310671354
88,94,8.867286949880866,7,1,2,5.739813915035742
50,80,5.684202509305516,3,9,5,8.394739247208344
60,72,5.482448906416576,3,9,1,8.335265328075026
65,91,8.591039998113876,2,7,5,6.112688000565837
64,59,4.553742226594791,4,3,3,7.263877332021564
61,81,7.797912050573159,8,5,5,8.33062638482805
98,92,8.94032783326387,1,4,2,4.03790165002084
66,79,8.506480053873243,1,7,1,5.838055983838028
88,88,7.2583395935321295,5,9,2,7.882498121940361
52,80,5.57030397496366,5,2,3,7.088908807510903
72,67,5.271609905891584,1,8,2,7.1085170282325265
73,85,8.096275524357306,6,9,2,8.36111734269281
80,51,8.399109569758476,1,9,2,6.470267129072457
74,63,6.627174562728465,5,7,4,8.001847631181459
40,62,5.22169970393233,9,9,3,11.3134900888203
60,78,4.564716042055868,5,9,2,9.35058518738324
87,61,4.435897339159156,6,3,2,7.619230798252253
94,88,7.5953872367692785,8,4,2,7.361383828969214
45,51,6.100593639238625,1,2,1,5.759821908228412
67,81,8.526799371389352,2,3,4,4.991960188583194
56,62,7.698356503633819,9,5,1,9.050493048909855
44,95,4.956302089572933,3,5,4,7.383109373128119
70,76,7.068887094078495,6,6,2,7.919333871776452
44,98,6.1775272719907965,5,7,3,8.38674181840276
77,90,6.886248653843065,2,7,5,6.39412540384708
42,66,7.690345616692586,7,1,5,7.292896314992225
92,89,8.030979405018954,4,2,2,5.060706178494313
62,80,8.218686632033622,1,9,1,6.594394010389913
76,83,5.269874372860124,4,2,3,6.269037688141962
92,73,4.1555779995867885,6,6,4,8.383326600123965
76,94,7.696473675823865,7,1,2,6.331057897252841
49,84,4.531718631278873,7,3,3,8.520484410616339
49,97,5.5745979430648385,7,2,3,7.777620617080548
58,55,4.0190856706217355,3,3,4,7.18427429881348
56,68,7.4083474120081005,6,5,3,7.87749577639757
60,79,4.835660057356106,8,6,1,9.55930198279317
53,56,7.27641204845829,4,9,1,8.497076385462512
48,59,8.958713085839193,8,4,1,8.162386074248243
85,90,4.363354358050081,2,7,3,6.990993692584975
40,81,4.385390059757303,9,6,1,10.47438298207281
90,83,5.7019004633333745,9,2,4,7.859429860999986
84,77,8.331932571256711,8,8,3,8.65042022862299
52,64,5.07764934395666,1,7,5,7.296705196813003
43,79,5.801889099651738,2,7,3,7.50943327010448
40,86,4.342527033134898,6,8,4,9.837241890059532
88,78,7.815776456294447,5,1,5,5.415267063111665
79,71,6.041531713797255,9,1,3,7.797540485860824
71,53,7.796243665304214,5,8,1,8.111126900408737
